"Time (s)","Pressure (hPa)"
1.164600000E-1,1.017989258E3
1.964600000E-1,1.017982422E3
2.764646870E-1,1.017970215E3
3.564615620E-1,1.017966309E3
4.364615620E-1,1.017972656E3
5.164631250E-1,1.017970215E3
5.964600000E-1,1.017961914E3
6.764600000E-1,1.017952637E3
7.564615620E-1,1.017955566E3
8.364600000E-1,1.017946777E3
9.164600000E-1,1.017918945E3
9.964615620E-1,1.017908691E3
1.076461562E0,1.017904785E3
1.156460000E0,1.017900391E3
1.236460000E0,1.017899902E3
1.316460000E0,1.017895996E3
1.396460000E0,1.017891113E3
1.476460000E0,1.017891602E3
1.556460000E0,1.017895020E3
1.636461562E0,1.017888184E3
1.716461562E0,1.017872070E3
1.796461562E0,1.017862793E3
1.876460000E0,1.017868652E3
1.956460000E0,1.017862305E3
2.036460000E0,1.017865723E3
2.116460000E0,1.017868652E3
2.196460000E0,1.017866699E3
2.276461562E0,1.017865723E3
2.356461562E0,1.017868164E3
2.436460000E0,1.017874023E3
2.516460000E0,1.017870117E3
2.596460000E0,1.017873047E3
2.676460000E0,1.017877441E3
2.756460000E0,1.017887695E3
2.836460000E0,1.017889160E3
2.916460000E0,1.017888672E3
2.996461562E0,1.017900879E3
3.076461562E0,1.017906250E3
3.156460000E0,1.017904785E3
3.236460000E0,1.017904785E3
3.316461562E0,1.017907715E3
3.396460000E0,1.017925293E3
3.476460000E0,1.017926758E3
3.556460000E0,1.017937500E3
3.636461562E0,1.017951660E3
3.716461562E0,1.017945312E3
3.796461562E0,1.017931641E3
3.876460000E0,1.017944336E3
3.956460000E0,1.017925293E3
4.036460000E0,1.017900879E3
4.116460000E0,1.017922363E3
4.196460000E0,1.017948242E3
4.276461562E0,1.017977051E3
4.356461562E0,1.017993164E3
4.436461562E0,1.017969727E3
4.516460000E0,1.017957031E3
4.596460000E0,1.017983398E3
4.676460000E0,1.017973145E3
4.756460000E0,1.017944336E3
4.836460000E0,1.017937012E3
4.916460000E0,1.017940918E3
4.996461562E0,1.017947754E3
5.076460000E0,1.017948242E3
5.156460000E0,1.017965332E3
5.236460000E0,1.017951660E3
5.316460000E0,1.017947754E3
5.396460000E0,1.017946777E3
5.476460000E0,1.017948242E3
5.556460000E0,1.017943848E3
5.636461562E0,1.017948730E3
5.716461562E0,1.017963867E3
5.796461562E0,1.017971191E3
5.876460000E0,1.017942383E3
5.956460000E0,1.017936523E3
6.036460000E0,1.017929199E3
6.116464687E0,1.017939453E3
6.196460000E0,1.017947754E3
6.276460000E0,1.017955566E3
6.356460000E0,1.017953125E3
6.436460000E0,1.017924316E3
6.516460000E0,1.017928223E3
6.596460000E0,1.017954590E3
6.676460000E0,1.017945801E3
6.756460000E0,1.017960938E3
6.836460000E0,1.017982422E3
6.916460000E0,1.017979980E3
6.996466250E0,1.017951172E3
7.076460000E0,1.017954590E3
7.156460000E0,1.017969238E3
7.236461562E0,1.017964844E3
7.316460000E0,1.017945801E3
7.396460000E0,1.017954590E3
7.476460000E0,1.017955566E3
7.556460000E0,1.017926758E3
7.636461562E0,1.017928223E3
7.716461562E0,1.017924316E3
7.796461562E0,1.017926758E3
7.876460000E0,1.017931641E3
7.956460000E0,1.017960449E3
8.036460000E0,1.017950684E3
8.116460000E0,1.017921875E3
8.196460000E0,1.017936035E3
8.276460000E0,1.017946289E3
8.356461562E0,1.017946777E3
8.436461562E0,1.017942871E3
8.516460000E0,1.017966309E3
8.596460000E0,1.017962891E3
8.676460000E0,1.017933594E3
8.756460000E0,1.017905762E3
8.836460000E0,1.017935059E3
8.916460000E0,1.017943359E3
8.996461562E0,1.017937988E3
9.076461562E0,1.017959473E3
9.156460000E0,1.017958496E3
9.236460000E0,1.017929688E3
9.316460000E0,1.017937988E3
9.396460000E0,1.017939453E3
9.476460000E0,1.017941895E3
9.556460000E0,1.017943359E3
9.636461562E0,1.017966309E3
9.716461562E0,1.017940918E3
9.796461562E0,1.017912109E3
9.876460000E0,1.017921387E3
9.956460000E0,1.017935059E3
1.003646000E1,1.017918457E3
1.011646000E1,1.017928711E3
1.019646000E1,1.017956543E3
1.027646000E1,1.017962891E3
1.035646156E1,1.017939453E3
1.043646000E1,1.017935059E3
1.051646000E1,1.017929199E3
1.059646469E1,1.017943848E3
1.067646000E1,1.017929688E3
1.075646000E1,1.017944336E3
1.083646625E1,1.017930664E3
1.091646000E1,1.017912598E3
1.099646156E1,1.017922363E3
1.107646156E1,1.017934082E3
1.115646156E1,1.017926758E3
1.123646000E1,1.017914062E3
1.131646000E1,1.017938965E3
1.139646000E1,1.017967773E3
1.147646000E1,1.017949219E3
1.155646000E1,1.017940430E3
1.163646000E1,1.017949219E3
1.171646156E1,1.017944824E3
1.179646156E1,1.017934570E3
1.187646000E1,1.017948242E3
1.195646000E1,1.017945801E3
1.203646000E1,1.017944336E3
1.211646000E1,1.017925781E3
1.219646000E1,1.017924316E3
1.227646000E1,1.017919922E3
1.235646156E1,1.017916504E3
1.243646156E1,1.017945312E3
1.251646156E1,1.017949707E3
1.259646000E1,1.017939453E3
1.267646000E1,1.017910645E3
1.275646000E1,1.017929199E3
1.283646000E1,1.017934570E3
1.291646000E1,1.017947266E3
1.299646156E1,1.017951660E3
1.307646156E1,1.017950684E3
1.315646156E1,1.017950684E3
1.323646000E1,1.017932617E3
1.331646000E1,1.017956543E3
1.339646000E1,1.017958496E3
1.347646156E1,1.017943848E3
1.355646000E1,1.017963379E3
1.363646000E1,1.017973633E3
1.371646156E1,1.017951660E3
1.379646156E1,1.017936035E3
1.387646000E1,1.017941406E3
1.395646781E1,1.017930664E3
1.403646000E1,1.017951172E3
1.411646000E1,1.017959961E3
1.419646000E1,1.017959961E3
1.427646000E1,1.017957031E3
1.435646156E1,1.017928223E3
1.443646156E1,1.017947754E3
1.451646000E1,1.017955078E3
1.459646000E1,1.017940918E3
1.467646000E1,1.017948730E3
1.475646000E1,1.017954590E3
1.483646000E1,1.017936035E3
1.491646000E1,1.017925293E3
1.499646156E1,1.017932129E3
1.507646156E1,1.017934082E3
1.515646156E1,1.017942871E3
1.523646000E1,1.017955078E3
1.531646000E1,1.017938477E3
1.539646000E1,1.017938477E3
1.547646000E1,1.017913574E3
1.555646000E1,1.017921875E3
1.563646000E1,1.017950684E3
1.571646156E1,1.017942871E3
1.579646156E1,1.017952637E3
1.587646156E1,1.017978516E3
1.595646000E1,1.017949219E3
1.603646000E1,1.017920410E3
1.611646000E1,1.017914062E3
1.619646156E1,1.017927734E3
1.627646156E1,1.017926758E3
1.635646156E1,1.017947266E3
1.643646156E1,1.017947266E3
1.651646156E1,1.017947266E3
1.659646000E1,1.017917969E3
1.667646000E1,1.017946777E3
1.675646000E1,1.017954590E3
1.683646000E1,1.017960449E3
1.691646000E1,1.017967285E3
1.699646156E1,1.017971191E3
1.707646156E1,1.017942383E3
1.715646156E1,1.017924805E3
1.723646000E1,1.017922852E3
1.731646000E1,1.017929688E3
1.739646000E1,1.017958984E3
1.747646156E1,1.017969727E3
1.755646000E1,1.017966309E3
1.763646156E1,1.017937500E3
1.771646156E1,1.017939941E3
1.779646156E1,1.017946289E3
1.787646000E1,1.017938477E3
1.795646000E1,1.017945312E3
1.803646000E1,1.017960449E3
1.811646156E1,1.017955566E3
1.819646312E1,1.017926758E3
1.827646000E1,1.017930176E3
1.835646156E1,1.017931641E3
1.843646469E1,1.017948242E3
1.851646156E1,1.017964355E3
1.859646000E1,1.017983887E3
1.867646000E1,1.017982422E3
1.875646000E1,1.017953613E3
1.883646000E1,1.017941895E3
1.891646000E1,1.017960938E3
1.899646000E1,1.017963867E3
1.907646156E1,1.017955078E3
1.915646156E1,1.017972168E3
1.923646000E1,1.017977539E3
1.931646000E1,1.017948730E3
1.939646000E1,1.017926270E3
1.947646000E1,1.017934082E3
1.955646000E1,1.017949219E3
1.963646000E1,1.017960938E3
1.971646156E1,1.017977051E3
1.979646156E1,1.017969238E3
1.987646156E1,1.017940430E3
1.995646000E1,1.017944824E3
2.003646000E1,1.017953613E3
2.011646000E1,1.017958496E3
2.019646000E1,1.017969238E3
2.027646000E1,1.017981445E3
2.035646156E1,1.017965332E3
2.043646156E1,1.017936523E3
2.051646000E1,1.017934570E3
2.059646000E1,1.017943848E3
2.067646000E1,1.017958008E3
2.075646000E1,1.017958984E3
2.083646000E1,1.017968262E3
2.091646156E1,1.017964844E3
2.099646000E1,1.017949707E3
2.107646156E1,1.017944824E3
2.115646156E1,1.017950195E3
2.123646000E1,1.017946289E3
2.131646000E1,1.017957520E3
2.139646000E1,1.017968750E3
2.147646000E1,1.017958008E3
2.155646000E1,1.017939453E3
2.163646000E1,1.017945801E3
2.171646156E1,1.017950195E3
2.179646156E1,1.017947754E3
2.187646156E1,1.017949707E3
2.195646000E1,1.017955566E3
2.203646000E1,1.017937012E3
2.211646000E1,1.017923828E3
2.219646000E1,1.017945312E3
2.227646000E1,1.017962402E3
2.235646156E1,1.017944336E3
2.243646156E1,1.017954102E3
2.251646156E1,1.017979492E3
2.259646000E1,1.017965820E3
2.267646000E1,1.017937012E3
2.275646000E1,1.017944824E3
2.283646000E1,1.017951660E3
2.291646000E1,1.017978516E3
2.299646000E1,1.017981934E3
2.307646156E1,1.017970703E3
2.315646156E1,1.017967285E3
2.323646000E1,1.017938477E3
2.331646000E1,1.017948730E3
2.339646000E1,1.017962891E3
2.347646000E1,1.017964355E3
2.355646000E1,1.017979492E3
2.363646938E1,1.018002930E3
2.371646156E1,1.017974121E3
2.379646000E1,1.017947266E3
2.387646469E1,1.017961914E3
2.395646000E1,1.017954102E3
2.403646000E1,1.017960449E3
2.411646156E1,1.017977539E3
2.419646000E1,1.017973633E3
2.427646000E1,1.017952637E3
2.435646156E1,1.017938477E3
2.443646156E1,1.017961426E3
2.451646156E1,1.017969727E3
2.459646000E1,1.017959473E3
2.467646000E1,1.017976074E3
2.475646000E1,1.017969238E3
2.483646000E1,1.017940430E3
2.491646000E1,1.017936523E3
2.499646156E1,1.017949707E3
2.507646156E1,1.017963379E3
2.515646156E1,1.017976074E3
2.523646156E1,1.017995117E3
2.531646000E1,1.017966309E3
2.539646156E1,1.017947754E3
2.547646000E1,1.017948242E3
2.555646000E1,1.017958008E3
2.563646000E1,1.017951172E3
2.571646156E1,1.017966797E3
2.579646156E1,1.017969727E3
2.587646156E1,1.017963379E3
2.595646000E1,1.017935059E3
2.603646000E1,1.017950684E3
2.611646156E1,1.017954102E3
2.619646000E1,1.017953613E3
2.627646000E1,1.017958984E3
2.635646000E1,1.017958984E3
2.643646156E1,1.017958984E3
2.651646156E1,1.017940430E3
2.659646000E1,1.017960938E3
2.667646000E1,1.017981934E3
2.675646000E1,1.017959961E3
2.683646156E1,1.017965820E3
2.691646000E1,1.017963379E3
2.699646000E1,1.017946777E3
2.707646156E1,1.017933105E3
2.715646156E1,1.017950195E3
2.723646156E1,1.017952148E3
2.731646156E1,1.017950684E3
2.739646000E1,1.017971680E3
2.747646000E1,1.017964844E3
2.755646000E1,1.017964844E3
2.763646000E1,1.017937988E3
2.771646156E1,1.017958496E3
2.779646156E1,1.017969238E3
2.787646156E1,1.017957520E3
2.795646000E1,1.017963867E3
2.803646000E1,1.017974121E3
2.811646156E1,1.017951172E3
2.819646000E1,1.017936523E3
2.827646000E1,1.017959961E3
2.835646781E1,1.017964355E3
2.843646156E1,1.017956055E3
2.851646000E1,1.017982422E3
2.859646000E1,1.017973145E3
2.867646000E1,1.017944336E3
2.875646000E1,1.017934082E3
2.883646000E1,1.017934082E3
2.891646156E1,1.017954590E3
2.899646000E1,1.017946289E3
2.907646156E1,1.017971191E3
2.915646156E1,1.017963379E3
2.923646000E1,1.017934570E3
2.931646000E1,1.017906738E3
2.939646000E1,1.017930664E3
2.947646156E1,1.017940430E3
2.955646000E1,1.017969238E3
2.963646000E1,1.017969727E3
2.971646000E1,1.017954102E3
2.979646156E1,1.017924805E3
2.987646156E1,1.017924805E3
2.995646000E1,1.017944336E3
3.003646000E1,1.017927246E3
3.011646000E1,1.017932129E3
3.019646000E1,1.017956543E3
3.027646000E1,1.017945801E3
3.035646000E1,1.017917969E3
3.043646156E1,1.017934082E3
3.051646156E1,1.017924805E3
3.059646000E1,1.017934082E3
3.067646000E1,1.017944824E3
3.075646000E1,1.017935059E3
3.083646000E1,1.017935059E3
3.091646000E1,1.017928711E3
3.099646000E1,1.017931152E3
3.107646156E1,1.017943848E3
3.115646156E1,1.017943848E3
3.123646156E1,1.017946777E3
3.131646000E1,1.017953613E3
3.139646000E1,1.017924805E3
3.147646000E1,1.017900879E3
3.155646000E1,1.017918457E3
3.163646000E1,1.017938965E3
3.171646781E1,1.017942383E3
3.179646156E1,1.017957031E3
3.187646156E1,1.017960449E3
3.195646000E1,1.017931641E3
3.203646156E1,1.017915039E3
3.211646000E1,1.017934082E3
3.219646156E1,1.017935059E3
3.227646000E1,1.017939941E3
3.235646000E1,1.017954102E3
3.243646156E1,1.017964355E3
3.251646156E1,1.017935547E3
3.259646000E1,1.017914062E3
3.267646000E1,1.017934082E3
3.275646000E1,1.017949219E3
3.283646938E1,1.017947754E3
3.291646000E1,1.017967773E3
3.299646000E1,1.017967773E3
3.307646156E1,1.017938965E3
3.315646156E1,1.017945801E3
3.323646156E1,1.017965332E3
3.331646000E1,1.017948242E3
3.339646156E1,1.017955566E3
3.347646000E1,1.017984375E3
3.355646000E1,1.017972656E3
3.363646000E1,1.017943848E3
3.371646000E1,1.017928711E3
3.379646156E1,1.017931641E3
3.387646156E1,1.017935547E3
3.395646000E1,1.017946777E3
3.403646000E1,1.017953613E3
3.411646000E1,1.017953613E3
3.419646000E1,1.017924805E3
3.427646000E1,1.017931641E3
3.435646000E1,1.017941406E3
3.443646156E1,1.017932129E3
3.451646156E1,1.017958984E3
3.459646156E1,1.017975098E3
3.467646000E1,1.017946289E3
3.475646000E1,1.017917480E3
3.483646156E1,1.017933594E3
3.491646000E1,1.017928223E3
3.499646000E1,1.017936035E3
3.507646000E1,1.017959473E3
3.515646156E1,1.017948242E3
3.523646156E1,1.017925781E3
3.531646156E1,1.017931152E3
3.539646000E1,1.017953613E3
3.547646000E1,1.017955078E3
3.555646000E1,1.017959961E3
3.563646000E1,1.017978516E3
3.571646156E1,1.017953613E3
3.579646156E1,1.017924316E3
3.587646156E1,1.017915527E3
3.595646156E1,1.017942871E3
3.603646000E1,1.017932617E3
3.611646000E1,1.017950684E3
3.619646000E1,1.017951660E3
3.627646000E1,1.017946289E3
3.635646000E1,1.017917480E3
3.643646156E1,1.017938965E3
3.651646000E1,1.017961914E3
3.659646000E1,1.017953613E3
3.667646000E1,1.017960938E3
3.675646000E1,1.017977051E3
3.683646000E1,1.017953125E3
3.691646000E1,1.017924316E3
3.699646000E1,1.017913574E3
3.707646000E1,1.017922852E3
3.715646781E1,1.017930176E3
3.723646156E1,1.017958984E3
3.731646000E1,1.017951172E3
3.739646000E1,1.017927734E3
3.747646000E1,1.017916504E3
3.755646000E1,1.017943848E3
3.763646000E1,1.017950684E3
3.771646156E1,1.017952148E3
3.779646156E1,1.017976562E3
3.787646156E1,1.017975586E3
3.795646000E1,1.017946777E3
3.803646781E1,1.017937012E3
3.811646156E1,1.017964355E3
3.819646000E1,1.017958984E3
3.827646781E1,1.017954102E3
3.835646000E1,1.017982910E3
3.843646000E1,1.017995605E3
3.851646000E1,1.017966309E3
3.859646000E1,1.017937500E3
3.867646156E1,1.017947754E3
3.875646000E1,1.017975098E3
3.883646000E1,1.017969238E3
3.891646000E1,1.017992676E3
3.899646000E1,1.017978027E3
3.907646000E1,1.017949219E3
3.915646156E1,1.017932617E3
3.923646156E1,1.017955078E3
3.931646000E1,1.017959473E3
3.939646000E1,1.017968750E3
3.947646000E1,1.017974121E3
3.955646000E1,1.017966797E3
3.963646156E1,1.017937988E3
3.971646000E1,1.017937988E3
3.979646156E1,1.017954590E3
3.987646156E1,1.017951660E3
3.995646156E1,1.017970215E3
4.003646000E1,1.017989746E3
4.011646156E1,1.017960938E3
4.019646156E1,1.017931641E3
4.027646000E1,1.017941895E3
4.035646000E1,1.017946777E3
4.043646156E1,1.017952637E3
4.051646156E1,1.017968262E3
4.059646156E1,1.017967285E3
4.067646000E1,1.017945312E3
4.075646000E1,1.017931152E3
4.083646000E1,1.017959961E3
4.091646000E1,1.017958008E3
4.099646000E1,1.017951660E3
4.107646000E1,1.017978027E3
4.115646156E1,1.017997559E3
4.123646156E1,1.017968750E3
4.131646000E1,1.017943359E3
4.139646000E1,1.017948242E3
4.147646000E1,1.017960449E3
4.155646000E1,1.017960938E3
4.163646000E1,1.017974609E3
4.171646000E1,1.017962891E3
4.179646156E1,1.017934082E3
4.187646156E1,1.017924805E3
4.195646000E1,1.017949707E3
4.203646000E1,1.017966309E3
4.211646000E1,1.017974609E3
4.219646000E1,1.017994141E3
4.227646156E1,1.017998535E3
4.235646156E1,1.017969727E3
4.243646000E1,1.017941406E3
4.251646156E1,1.017964844E3
4.259646156E1,1.017980957E3
4.267646000E1,1.017968750E3
4.275646000E1,1.017984863E3
4.283646000E1,1.017975586E3
4.291646000E1,1.017946777E3
4.299646000E1,1.017933594E3
4.307646000E1,1.017962402E3
4.315646156E1,1.017964355E3
4.323646000E1,1.017973633E3
4.331646156E1,1.017987305E3
4.339646000E1,1.017958496E3
4.347646000E1,1.017934082E3
4.355646000E1,1.017936523E3
4.363646000E1,1.017951660E3
4.371646000E1,1.017957031E3
4.379646000E1,1.017980957E3
4.387646000E1,1.017981934E3
4.395646156E1,1.017981934E3
4.403646000E1,1.017953125E3
4.411646000E1,1.017968262E3
4.419646000E1,1.017974121E3
4.427646000E1,1.017973145E3
4.435646000E1,1.017994629E3
4.443646000E1,1.017997070E3
4.451646000E1,1.017968262E3
4.459646000E1,1.017939453E3
4.467646000E1,1.017949219E3
4.475646000E1,1.017966797E3
4.483646000E1,1.017957520E3
4.491646156E1,1.017986328E3
4.499646000E1,1.017987305E3
4.507646000E1,1.017958496E3
4.515646156E1,1.017961914E3
4.523646000E1,1.017985352E3
4.531646000E1,1.017978516E3
4.539646000E1,1.017994629E3
4.547646000E1,1.018014160E3
4.555646000E1,1.018005371E3
4.563646000E1,1.017976562E3
4.571646000E1,1.017951660E3
4.579646000E1,1.017970703E3
4.587646000E1,1.017990234E3
4.595646000E1,1.017993652E3
4.603646156E1,1.017999512E3
4.611646000E1,1.017985352E3
4.619646000E1,1.017956055E3
4.627646000E1,1.017969727E3
4.635646000E1,1.017995117E3
4.643646000E1,1.017987793E3
4.651646156E1,1.018015137E3
4.659646156E1,1.018017578E3
4.667646000E1,1.017988770E3
4.675646000E1,1.017969238E3
4.683646000E1,1.017987793E3
4.691646000E1,1.017979004E3
4.699646000E1,1.017978027E3
4.707646000E1,1.018006836E3
4.715646156E1,1.017996582E3
4.723646156E1,1.017967285E3
4.731646156E1,1.017958008E3
4.739646000E1,1.017986816E3
4.747646000E1,1.017980469E3
4.755646000E1,1.017982910E3
4.763646000E1,1.018009277E3
4.771646156E1,1.018008301E3
4.779646000E1,1.017979492E3
4.787646156E1,1.017980957E3
4.795646000E1,1.017967773E3
4.803646000E1,1.017982910E3
4.811646000E1,1.017988770E3
4.819646000E1,1.018002441E3
4.827646000E1,1.017980469E3
4.835646469E1,1.017951660E3
4.843646000E1,1.017966309E3
4.851646000E1,1.017984863E3
4.859646156E1,1.017998535E3
4.867646000E1,1.018020508E3
4.875646000E1,1.018015625E3
4.883646000E1,1.017994629E3
4.891646156E1,1.017965820E3
4.899646000E1,1.017961426E3
4.907646156E1,1.017974609E3
4.915646156E1,1.017978027E3
4.923646000E1,1.018005859E3
4.931646000E1,1.017992188E3
4.939646000E1,1.017966309E3
4.947646000E1,1.017952148E3
4.955646000E1,1.017963867E3
4.963646000E1,1.017986816E3
4.971646000E1,1.017993652E3
4.979646000E1,1.018016602E3
4.987646156E1,1.018001953E3
4.995646156E1,1.017973145E3
5.003646000E1,1.017949707E3
5.011646000E1,1.017970215E3
5.019646000E1,1.017976562E3
5.027646000E1,1.017975586E3
5.035646000E1,1.017997559E3
5.043646000E1,1.017984863E3
5.051646156E1,1.017956055E3
5.059646156E1,1.017951660E3
5.067646000E1,1.017980469E3
5.075646000E1,1.017979980E3
5.083646000E1,1.017972656E3
5.091646156E1,1.018001465E3
5.099646000E1,1.017987305E3
5.107646000E1,1.017958496E3
5.115646000E1,1.017946777E3
5.123646000E1,1.017944824E3
5.131646156E1,1.017957031E3
5.139646000E1,1.017974121E3
5.147646000E1,1.017998047E3
5.155646000E1,1.017988770E3
5.163646156E1,1.017959961E3
5.171646156E1,1.017962891E3
5.179646000E1,1.017983398E3
5.187646156E1,1.017976074E3
5.195646156E1,1.017978516E3
5.203646000E1,1.018000488E3
5.211646000E1,1.017976562E3
5.219646000E1,1.017947266E3
5.227646000E1,1.017947266E3
5.235646000E1,1.017959961E3
5.243646000E1,1.017944824E3
5.251646156E1,1.017973633E3
5.259646156E1,1.017996094E3
5.267646156E1,1.017967285E3
5.275646156E1,1.017948242E3
5.283646000E1,1.017973145E3
5.291646156E1,1.017991699E3
5.299646000E1,1.017984375E3
5.307646000E1,1.018001465E3
5.315646000E1,1.017972656E3
5.323646000E1,1.017967773E3
5.331646156E1,1.017961914E3
5.339646000E1,1.017954102E3
5.347646000E1,1.017942871E3
5.355646000E1,1.017962402E3
5.363646000E1,1.017948730E3
5.371646000E1,1.017937500E3
5.379646000E1,1.017929199E3
5.387646156E1,1.017958008E3
5.395646156E1,1.017967773E3
5.403646156E1,1.017990234E3
5.411646000E1,1.018010742E3
5.419646156E1,1.017981934E3
5.427646000E1,1.017953125E3
5.435646156E1,1.017953125E3
5.443646156E1,1.017953125E3
5.451646156E1,1.017951660E3
5.459646156E1,1.017966797E3
5.467646156E1,1.017975098E3
5.475646000E1,1.017946289E3
5.483646000E1,1.017946289E3
5.491646156E1,1.017955078E3
5.499646000E1,1.017955078E3
5.507646000E1,1.017954102E3
5.515646000E1,1.017982910E3
5.523646156E1,1.017971191E3
5.531646000E1,1.017963867E3
5.539646000E1,1.017978027E3
5.547646000E1,1.017974609E3
5.555646625E1,1.017961426E3
5.563646000E1,1.017978516E3
5.571646000E1,1.017978516E3
5.579646000E1,1.017955566E3
5.587646156E1,1.017931152E3
5.595646156E1,1.017939941E3
5.603646156E1,1.017932129E3
5.611646000E1,1.017951172E3
5.619646000E1,1.017979980E3
5.627646000E1,1.017975586E3
5.635646000E1,1.017946777E3
5.643646000E1,1.017939453E3
5.651646156E1,1.017950684E3
5.659646156E1,1.017962891E3
5.667646156E1,1.017958984E3
5.675646000E1,1.017966309E3
5.683646000E1,1.017957520E3
5.691646000E1,1.017928711E3
5.699646000E1,1.017952148E3
5.707646000E1,1.017972656E3
5.715646000E1,1.017964355E3
5.723646156E1,1.017979980E3
5.731646156E1,1.018002930E3
5.739646156E1,1.017980957E3
5.747646000E1,1.017952148E3
5.755646000E1,1.017969727E3
5.763646156E1,1.017974609E3
5.771646000E1,1.017961426E3
5.779646000E1,1.017977539E3
5.787646156E1,1.017978027E3
5.795646156E1,1.017955078E3
5.803646000E1,1.017929199E3
5.811646156E1,1.017958496E3
5.819646000E1,1.017950195E3
5.827646000E1,1.017953125E3
5.835646000E1,1.017979980E3
5.843646000E1,1.017981445E3
5.851646000E1,1.017952637E3
5.859646156E1,1.017936035E3
5.867646156E1,1.017948242E3
5.875646156E1,1.017977539E3
5.883646000E1,1.017975098E3
5.891646625E1,1.017952637E3
5.899646000E1,1.017944824E3
5.907646000E1,1.017973633E3
5.915647094E1,1.017970215E3
5.923646156E1,1.017958984E3
5.931646000E1,1.017973145E3
5.939646000E1,1.017960938E3
5.947646000E1,1.017960938E3
5.955646469E1,1.017950195E3
5.963646000E1,1.017952148E3
5.971646000E1,1.017952148E3
5.979646000E1,1.017958496E3
5.987646156E1,1.017953613E3
5.995646000E1,1.017955566E3
6.003646156E1,1.017964844E3
6.011646000E1,1.017976562E3
6.019646000E1,1.017978027E3
6.027646000E1,1.017973145E3
6.035646000E1,1.017971680E3
6.043646000E1,1.017972656E3
6.051646000E1,1.017964844E3
6.059646156E1,1.017970215E3
6.067646000E1,1.017965332E3
6.075646000E1,1.017960938E3
6.083646000E1,1.017953613E3
6.091646000E1,1.017955566E3
6.099646156E1,1.017952148E3
6.107646000E1,1.017956055E3
6.115646000E1,1.017957520E3
6.123646156E1,1.017952148E3
6.131646156E1,1.017946777E3
6.139646000E1,1.017938965E3
6.147646000E1,1.017931152E3
6.155646000E1,1.017945312E3
6.163646156E1,1.017953613E3
6.171646156E1,1.017954102E3
6.179646000E1,1.017943848E3
6.187646156E1,1.017956055E3
6.195646000E1,1.017963379E3
6.203646156E1,1.017960938E3
6.211646000E1,1.017956055E3
6.219646000E1,1.017958984E3
6.227646000E1,1.017967285E3
6.235646000E1,1.017964844E3
6.243646000E1,1.017972168E3
6.251646000E1,1.017974609E3
6.259646156E1,1.017972656E3
6.267646000E1,1.017959961E3
6.275646000E1,1.017955566E3
6.283646000E1,1.017967285E3
6.291646156E1,1.017948730E3
6.299646156E1,1.017949707E3
6.307646000E1,1.017949219E3
6.315646000E1,1.017978027E3
6.323646156E1,1.017981445E3
6.331646156E1,1.017976074E3
6.339646156E1,1.017967773E3
6.347646000E1,1.017974609E3
6.355646000E1,1.017969238E3
6.363646000E1,1.017963379E3
6.371646000E1,1.017978027E3
6.379646000E1,1.017994141E3
6.387646156E1,1.017968750E3
6.395646156E1,1.017963867E3
6.403646156E1,1.017966797E3
6.411646156E1,1.017961426E3
6.419646000E1,1.017958008E3
6.427646000E1,1.017978027E3
6.435646000E1,1.017972168E3
6.443646000E1,1.017972168E3
6.451646000E1,1.017943359E3
6.459646156E1,1.017957520E3
6.467646156E1,1.017969727E3
6.475646000E1,1.017964844E3
6.483646000E1,1.017974121E3
6.491646000E1,1.017993164E3
6.499646000E1,1.017981934E3
6.507646000E1,1.017959961E3
6.515646000E1,1.017972656E3
6.523646156E1,1.017982422E3
6.531646156E1,1.017979492E3
6.539646000E1,1.017979004E3
6.547646000E1,1.017982910E3
6.555646000E1,1.017985352E3
6.563646156E1,1.017956543E3
6.571646000E1,1.017960938E3
6.579646000E1,1.017957031E3
6.587646000E1,1.017966797E3
6.595646156E1,1.017968750E3
6.603646156E1,1.017979492E3
6.611646000E1,1.017977539E3
6.619646000E1,1.017951172E3
6.627646000E1,1.017962891E3
6.635646000E1,1.017970703E3
6.643646000E1,1.017973633E3
6.651646000E1,1.017976562E3
6.659646156E1,1.017976562E3
6.667646156E1,1.017983887E3
6.675646156E1,1.017964355E3
6.683646000E1,1.017965820E3
6.691646000E1,1.017954590E3
6.699646000E1,1.017968750E3
6.707646000E1,1.017984375E3
6.715646000E1,1.017993652E3
6.723646156E1,1.017982422E3
6.731646156E1,1.017953613E3
6.739646156E1,1.017944336E3
6.747646000E1,1.017958008E3
6.755646000E1,1.017974121E3
6.763646312E1,1.017967773E3
6.771646000E1,1.017973145E3
6.779646000E1,1.017969727E3
6.787646000E1,1.017949707E3
6.795646156E1,1.017959961E3
6.803646156E1,1.017965332E3
6.811646000E1,1.017962402E3
6.819646000E1,1.017973633E3
6.827646000E1,1.017996094E3
6.835646000E1,1.017989258E3
6.843646000E1,1.017960449E3
6.851646000E1,1.017955566E3
6.859646156E1,1.017959473E3
6.867646156E1,1.017971680E3
6.875646000E1,1.017964355E3
6.883646156E1,1.017992188E3
6.891646000E1,1.017985840E3
6.899646312E1,1.017969238E3
6.907646000E1,1.017968750E3
6.915646000E1,1.017966797E3
6.923646156E1,1.017961914E3
6.931646156E1,1.017976562E3
6.939646156E1,1.017990723E3
6.947646000E1,1.018009766E3
6.955646000E1,1.017980469E3
6.963646000E1,1.017984863E3
6.971646156E1,1.017983398E3
6.979646000E1,1.018004395E3
6.987646000E1,1.017987793E3
6.995646156E1,1.018014648E3
7.003646156E1,1.017995117E3
7.011646000E1,1.017966309E3
7.019646000E1,1.017966309E3
7.027646000E1,1.017981445E3
7.035646000E1,1.017979492E3
7.043646000E1,1.017962402E3
7.051646000E1,1.017984863E3
7.059646156E1,1.017998047E3
7.067646156E1,1.017971191E3
7.075646000E1,1.017958496E3
7.083646000E1,1.017976562E3
7.091646000E1,1.017991211E3
7.099646000E1,1.017981934E3
7.107646000E1,1.017997070E3
7.115646000E1,1.017976562E3
7.123646000E1,1.017947754E3
7.131646156E1,1.017942383E3
7.139646156E1,1.017955566E3
7.147646000E1,1.017967773E3
7.155646000E1,1.017977539E3
7.163646000E1,1.017995605E3
7.171646156E1,1.018003418E3
7.179646000E1,1.017974609E3
7.187646000E1,1.017950684E3
7.195646156E1,1.017979492E3
7.203646156E1,1.017987793E3
7.211646469E1,1.017977539E3
7.219646000E1,1.018004883E3
7.227646000E1,1.017989258E3
7.235646156E1,1.017984375E3
7.243646000E1,1.017963379E3
7.251646000E1,1.017984863E3
7.259646156E1,1.017979980E3
7.267646156E1,1.017982422E3
7.275646156E1,1.017992188E3
7.283646000E1,1.018021484E3
7.291646156E1,1.017992188E3
7.299646000E1,1.017963867E3
7.307646000E1,1.017977539E3
7.315646000E1,1.017982910E3
7.323646000E1,1.017969238E3
7.331646156E1,1.017998047E3
7.339646156E1,1.018002930E3
7.347646000E1,1.017973633E3
7.355646000E1,1.017955566E3
7.363646000E1,1.017976074E3
7.371646000E1,1.017976074E3
7.379646000E1,1.017979492E3
7.387646000E1,1.017998535E3
7.395646156E1,1.018017090E3
7.403646156E1,1.017988281E3
7.411646156E1,1.017979492E3
7.419646000E1,1.017967285E3
7.427646000E1,1.017989746E3
7.435646000E1,1.017983398E3
7.443646156E1,1.018012207E3
7.451646000E1,1.018022461E3
7.459646156E1,1.017993164E3
7.467646156E1,1.017988281E3
7.475646156E1,1.017985352E3
7.483646000E1,1.017976562E3
7.491646156E1,1.017999023E3
7.499646000E1,1.018016602E3
7.507646000E1,1.018014648E3
7.515646000E1,1.017985840E3
7.523646000E1,1.017976074E3
7.531646156E1,1.017987793E3
7.539646156E1,1.017998535E3
7.547646000E1,1.017992188E3
7.555646000E1,1.018021484E3
7.563646000E1,1.018029297E3
7.571646000E1,1.018000488E3
7.579646000E1,1.017974121E3
7.587646000E1,1.017992188E3
7.595646156E1,1.018002930E3
7.603646156E1,1.017999512E3
7.611646156E1,1.018009766E3
7.619646156E1,1.018015137E3
7.627646000E1,1.017990723E3
7.635646000E1,1.017983398E3
7.643646000E1,1.017997070E3
7.651646000E1,1.018014160E3
7.659646625E1,1.018006836E3
7.667646156E1,1.018023438E3
7.675646156E1,1.018020020E3
7.683646469E1,1.017991211E3
7.691646000E1,1.017970215E3
7.699646000E1,1.017999023E3
7.707646000E1,1.017991211E3
7.715646000E1,1.017982910E3
7.723646000E1,1.018003906E3
7.731646156E1,1.018005371E3
7.739646156E1,1.017981445E3
7.747646156E1,1.017979004E3
7.755646000E1,1.017994629E3
7.763646000E1,1.018000488E3
7.771646000E1,1.017973145E3
7.779646000E1,1.018001953E3
7.787646000E1,1.018007324E3
7.795646156E1,1.018002441E3
7.803646156E1,1.017980957E3
7.811646156E1,1.018000977E3
7.819646000E1,1.017992676E3
7.827646000E1,1.017999512E3
7.835646000E1,1.018019043E3
7.843646156E1,1.018015625E3
7.851646000E1,1.017992676E3
7.859646000E1,1.017989258E3
7.867646156E1,1.018005371E3
7.875646156E1,1.018001953E3
7.883646000E1,1.017994629E3
7.891646000E1,1.018016113E3
7.899646000E1,1.018002930E3
7.907646000E1,1.018002930E3
7.915646000E1,1.017988281E3
7.923646000E1,1.017997559E3
7.931646156E1,1.018005859E3
7.939646156E1,1.018013672E3
7.947646156E1,1.018025879E3
7.955646000E1,1.018025879E3
7.963646000E1,1.018005859E3
7.971646000E1,1.017977051E3
7.979646000E1,1.017996582E3
7.987646000E1,1.018001953E3
7.995646156E1,1.017992188E3
8.003646156E1,1.018014160E3
8.011646156E1,1.018017578E3
8.019646000E1,1.017991211E3
8.027646000E1,1.017964844E3
8.035646000E1,1.017994141E3
8.043646000E1,1.018000488E3
8.051646000E1,1.018011230E3
8.059646000E1,1.018033691E3
8.067646156E1,1.018033691E3
8.075646156E1,1.018004883E3
8.083646000E1,1.018004395E3
8.091646000E1,1.018016602E3
8.099646000E1,1.018021973E3
8.107646000E1,1.018006348E3
8.115646000E1,1.018022949E3
8.123646000E1,1.018014648E3
8.131646156E1,1.018014648E3
8.139646156E1,1.017985840E3
8.147646156E1,1.018013184E3
8.155646000E1,1.018003906E3
8.163646000E1,1.018004395E3
8.171646156E1,1.018022949E3
8.179646000E1,1.018041992E3
8.187646000E1,1.018020508E3
8.195646000E1,1.017991699E3
8.203646156E1,1.018001465E3
8.211646156E1,1.017999023E3
8.219646156E1,1.018006348E3
8.227646000E1,1.018010254E3
8.235646000E1,1.018010254E3
8.243646000E1,1.018007324E3
8.251646000E1,1.017984375E3
8.259646000E1,1.017995117E3
8.267646156E1,1.018005371E3
8.275646156E1,1.017998047E3
8.283646156E1,1.018001465E3
8.291646000E1,1.018029785E3
8.299646000E1,1.018027832E3
8.307646000E1,1.017999023E3
8.315646000E1,1.018006836E3
8.323646000E1,1.017998535E3
8.331646156E1,1.018006348E3
8.339646156E1,1.018009766E3
8.347646156E1,1.018005371E3
8.355646000E1,1.018005371E3
8.363646000E1,1.017976562E3
8.371646000E1,1.018003418E3
8.379646000E1,1.018021484E3
8.387646000E1,1.018006836E3
8.395646000E1,1.018033691E3
8.403646156E1,1.018046875E3
8.411646156E1,1.018040039E3
8.419646000E1,1.018010742E3
8.427646000E1,1.017995117E3
8.435646000E1,1.018002441E3
8.443646000E1,1.018022949E3
8.451646000E1,1.018021484E3
8.459646000E1,1.018027344E3
8.467646156E1,1.018015625E3
8.475646156E1,1.017986816E3
8.483646000E1,1.017986816E3
8.491646156E1,1.017997070E3
8.499646000E1,1.018007324E3
8.507646000E1,1.018011230E3
8.515646000E1,1.018019043E3
8.523646000E1,1.018019043E3
8.531646156E1,1.018006836E3
8.539646000E1,1.018010742E3
8.547646469E1,1.018012207E3
8.555646000E1,1.018006836E3
8.563646000E1,1.018002441E3
8.571646469E1,1.018017090E3
8.579646000E1,1.018015625E3
8.587646000E1,1.017986328E3
8.595646000E1,1.017997070E3
8.603646156E1,1.018003906E3
8.611646000E1,1.018006836E3
8.619646000E1,1.018006836E3
8.627646156E1,1.018025879E3
8.635646000E1,1.018018066E3
8.643646000E1,1.017999512E3
8.651646000E1,1.017984863E3
8.659646000E1,1.018000000E3
8.667646156E1,1.018001465E3
8.675646156E1,1.017984863E3
8.683646156E1,1.018013672E3
8.691646156E1,1.018015625E3
8.699646000E1,1.017986816E3
8.707646156E1,1.017973145E3
8.715646000E1,1.017998535E3
8.723646000E1,1.017984863E3
8.731646156E1,1.017989746E3
8.739646156E1,1.018011719E3
8.747646156E1,1.018011719E3
8.755646000E1,1.017982910E3
8.763646000E1,1.017988281E3
8.771646000E1,1.017988770E3
8.779646000E1,1.018002441E3
8.787646000E1,1.017980469E3
8.795646000E1,1.018005859E3
8.803646156E1,1.017996582E3
8.811646156E1,1.017973633E3
8.819646000E1,1.017997559E3
8.827646000E1,1.017989746E3
8.835646000E1,1.017992188E3
8.843646000E1,1.018005371E3
8.851646156E1,1.018025879E3
8.859646000E1,1.018019531E3
8.867646156E1,1.017996582E3
8.875646156E1,1.018005859E3
8.883646156E1,1.018000977E3
8.891646000E1,1.017999512E3
8.899646000E1,1.018002441E3
8.907646000E1,1.018018066E3
8.915646000E1,1.018018555E3
8.923646000E1,1.017997559E3
8.931646000E1,1.018011230E3
8.939646156E1,1.017998047E3
8.947646156E1,1.018000977E3
8.955646000E1,1.018016113E3
8.963646000E1,1.018034668E3
8.971646000E1,1.018031738E3
8.979646000E1,1.018002930E3
8.987646000E1,1.017994141E3
8.995646000E1,1.017993164E3
9.003646156E1,1.017997559E3
9.011646000E1,1.017981934E3
9.019646156E1,1.018010742E3
9.027646000E1,1.018031250E3
9.035646000E1,1.018002441E3
9.043646000E1,1.017979492E3
9.051646000E1,1.017992188E3
9.059646000E1,1.017995605E3
9.067646156E1,1.018017578E3
9.075646156E1,1.018034180E3
9.083646000E1,1.018040527E3
9.091646000E1,1.018011719E3
9.099646000E1,1.018003418E3
9.107646312E1,1.018006836E3
9.115646000E1,1.017996582E3
9.123646000E1,1.017993164E3
9.131646000E1,1.018013184E3
9.139646156E1,1.018024902E3
9.147646156E1,1.017995605E3
9.155646000E1,1.017976562E3
9.163646000E1,1.018005859E3
9.171646156E1,1.018000977E3
9.179646000E1,1.018004883E3
9.187646000E1,1.018026367E3
9.195646000E1,1.018024414E3
9.203646156E1,1.017995117E3
9.211646156E1,1.017986328E3
9.219646000E1,1.018001953E3
9.227646000E1,1.018013672E3
9.235646000E1,1.017993164E3
9.243646000E1,1.018021973E3
9.251646000E1,1.018021973E3
9.259646000E1,1.017993164E3
9.267646000E1,1.017988770E3
9.275646156E1,1.017988281E3
9.283646156E1,1.017994141E3
9.291646000E1,1.018007324E3
9.299646000E1,1.018028320E3
9.307646000E1,1.018038086E3
9.315646000E1,1.018009277E3
9.323646000E1,1.017988770E3
9.331646000E1,1.017999023E3
9.339646156E1,1.017996582E3
9.347646156E1,1.017996582E3
9.355646000E1,1.018025391E3
9.363646000E1,1.018000488E3
9.371646000E1,1.017971191E3
9.379646000E1,1.017985352E3
9.387646000E1,1.018001953E3
9.395646000E1,1.017992676E3
9.403646156E1,1.018011230E3
9.411646156E1,1.018019043E3
9.419646000E1,1.017998047E3
9.427646000E1,1.017982910E3
9.435646000E1,1.018009277E3
9.443646312E1,1.018000000E3
9.451646000E1,1.018003906E3
9.459646000E1,1.018003418E3
9.467646000E1,1.018003418E3
9.475646156E1,1.017994629E3
9.483646156E1,1.017965820E3
9.491646000E1,1.017969238E3
9.499646000E1,1.017998535E3
9.507646000E1,1.018016113E3
9.515646000E1,1.018016602E3
9.523646000E1,1.018040039E3
9.531646156E1,1.018011230E3
9.539646156E1,1.017982422E3
9.547646156E1,1.017978027E3
9.555646000E1,1.017987793E3
9.563646000E1,1.017982422E3
9.571646000E1,1.017996582E3
9.579646000E1,1.017993164E3
9.587646000E1,1.017993164E3
9.595646000E1,1.017964844E3
9.603646156E1,1.017992676E3
9.611646156E1,1.017992676E3
9.619646000E1,1.017992188E3
9.627646000E1,1.018008301E3
9.635646000E1,1.018018066E3
9.643646000E1,1.017989258E3
9.651646000E1,1.017970703E3
9.659646000E1,1.017995117E3
9.667646156E1,1.017968262E3
9.675646156E1,1.017972168E3
9.683646156E1,1.017993164E3
9.691646000E1,1.018000977E3
9.699646000E1,1.017985840E3
9.707646000E1,1.017966797E3
9.715646000E1,1.017995605E3
9.723646000E1,1.017994141E3
9.731646313E1,1.017983398E3
9.739646156E1,1.018012207E3
9.747646156E1,1.018027344E3
9.755646625E1,1.018000000E3
9.763646000E1,1.017992188E3
9.771646000E1,1.017992676E3
9.779646781E1,1.017996582E3
9.787646000E1,1.017985352E3
9.795646000E1,1.018000000E3
9.803646156E1,1.018016113E3
9.811646156E1,1.018000000E3
9.819646156E1,1.017971191E3
9.827646000E1,1.017993164E3
9.835646000E1,1.017993164E3
9.843646000E1,1.018005371E3
9.851646000E1,1.018009277E3
9.859646000E1,1.018020996E3
9.867646000E1,1.017994141E3
9.875646156E1,1.017973145E3
9.883646156E1,1.017993652E3
9.891646156E1,1.017987793E3
9.899646156E1,1.017994629E3
9.907646000E1,1.017996582E3
9.915646000E1,1.018025391E3
9.923646000E1,1.018015137E3
9.931646000E1,1.017986328E3
9.939646156E1,1.018002930E3
9.947646156E1,1.018005859E3
9.955646156E1,1.018000000E3
9.963646156E1,1.018017578E3
9.971646000E1,1.018033203E3
9.979646156E1,1.018004395E3
9.987646000E1,1.017975586E3
9.995646000E1,1.017990234E3
1.000364600E2,1.017999023E3
1.001164616E2,1.017989258E3
1.001964616E2,1.018018066E3
1.002764600E2,1.017995117E3
1.003564600E2,1.017974121E3
1.004364600E2,1.017968262E3
1.005164616E2,1.017979004E3
1.005964600E2,1.017979980E3
1.006764600E2,1.017994141E3
1.007564616E2,1.018013672E3
1.008364600E2,1.018011230E3
1.009164616E2,1.017995117E3
1.009964678E2,1.017966309E3
1.010764600E2,1.017983398E3
1.011564663E2,1.017990234E3
1.012364600E2,1.018017090E3
1.013164600E2,1.017988281E3
1.013964616E2,1.017995605E3
1.014764616E2,1.018016113E3
1.015564616E2,1.018008789E3
1.016364600E2,1.018008301E3
1.017164616E2,1.018026855E3
1.017964616E2,1.018009277E3
1.018764600E2,1.018013184E3
1.019564600E2,1.017984375E3
1.020364631E2,1.017967773E3
1.021164616E2,1.017973633E3
1.021964616E2,1.017971191E3
1.022764600E2,1.017998535E3
1.023564600E2,1.017992676E3
1.024364600E2,1.017990234E3
1.025164616E2,1.018004395E3
1.025964600E2,1.018000977E3
1.026764600E2,1.018000977E3
1.027564616E2,1.018017578E3
1.028364616E2,1.018045898E3
1.029164616E2,1.018017090E3
1.029964600E2,1.017988281E3
1.030764600E2,1.017997559E3
1.031564600E2,1.017998047E3
1.032364600E2,1.017968750E3
1.033164600E2,1.017992188E3
1.033964616E2,1.017998047E3
1.034764616E2,1.017974121E3
1.035564616E2,1.017977539E3
1.036364616E2,1.017998047E3
1.037164600E2,1.018013184E3
1.037964600E2,1.018012207E3
1.038764600E2,1.018033691E3
1.039564600E2,1.018033203E3
1.040364600E2,1.018004395E3
1.041164616E2,1.018002441E3
1.041964616E2,1.018015625E3
1.042764678E2,1.018007812E3
1.043564600E2,1.018000000E3
1.044364600E2,1.018028809E3
1.045164600E2,1.018036621E3
1.045964600E2,1.018007812E3
1.046764600E2,1.018005371E3
1.047564616E2,1.018004883E3
1.048364616E2,1.018001465E3
1.049164616E2,1.018011719E3
1.049964600E2,1.018040527E3
1.050764600E2,1.018033691E3
1.051564600E2,1.018004883E3
1.052364600E2,1.017998047E3
1.053164600E2,1.017982910E3
1.053964631E2,1.017996582E3
1.054764616E2,1.017992676E3
1.055564616E2,1.018015625E3
1.056364600E2,1.018011230E3
1.057164600E2,1.017982422E3
1.057964600E2,1.017982910E3
1.058764600E2,1.018011719E3
1.059564600E2,1.018015625E3
1.060364600E2,1.018021484E3
1.061164616E2,1.018042969E3
1.061964616E2,1.018033203E3
1.062764616E2,1.018004395E3
1.063564600E2,1.017998047E3
1.064364600E2,1.018014648E3
1.065164616E2,1.018006348E3
1.065964600E2,1.018020020E3
1.066764600E2,1.018041016E3
1.067564616E2,1.018041504E3
1.068364616E2,1.018012207E3
1.069164616E2,1.018012207E3
1.069964600E2,1.018022461E3
1.070764600E2,1.018008789E3
1.071564600E2,1.018021484E3
1.072364600E2,1.018038574E3
1.073164600E2,1.018019043E3
1.073964600E2,1.017990234E3
1.074764616E2,1.018011230E3
1.075564600E2,1.018011230E3
1.076364600E2,1.018005371E3
1.077164600E2,1.018011719E3
1.077964600E2,1.018027344E3
1.078764600E2,1.018005859E3
1.079564600E2,1.017977051E3
1.080364600E2,1.017993652E3
1.081164616E2,1.018015137E3
1.081964616E2,1.018011230E3
1.082764600E2,1.018040039E3
1.083564600E2,1.018034180E3
1.084364600E2,1.018021973E3
1.085164600E2,1.017997070E3
1.085964600E2,1.018009766E3
1.086764600E2,1.018002930E3
1.087564616E2,1.018000000E3
1.088364616E2,1.018000000E3
1.089164616E2,1.018013672E3
1.089964600E2,1.017991699E3
1.090764600E2,1.017968750E3
1.091564600E2,1.017993164E3
1.092364600E2,1.018021973E3
1.093164600E2,1.018020020E3
1.093964600E2,1.018038086E3
1.094764616E2,1.018052246E3
1.095564600E2,1.018030762E3
1.096364600E2,1.018013672E3
1.097164600E2,1.018009277E3
1.097964600E2,1.018009766E3
1.098764647E2,1.017991211E3
1.099564600E2,1.017993164E3
1.100364600E2,1.018017578E3
1.101164616E2,1.017995605E3
1.101964600E2,1.017966797E3
1.102764600E2,1.017988770E3
1.103564600E2,1.017999512E3
1.104364600E2,1.018011719E3
1.105164600E2,1.018031250E3
1.105964600E2,1.018030762E3
1.106764600E2,1.018001953E3
1.107564616E2,1.017974609E3
1.108364616E2,1.017991699E3
1.109164616E2,1.017992676E3
1.109964600E2,1.017999512E3
1.110764600E2,1.018000000E3
1.111564600E2,1.018010254E3
1.112364600E2,1.017983398E3
1.113164600E2,1.017996582E3
1.113964600E2,1.018009277E3
1.114764616E2,1.018024902E3
1.115564616E2,1.018042480E3
1.116364631E2,1.018062988E3
1.117164616E2,1.018039551E3
1.117964600E2,1.018010742E3
1.118764600E2,1.018012207E3
1.119564616E2,1.018004395E3
1.120364600E2,1.018003418E3
1.121164616E2,1.018011719E3
1.121964616E2,1.018028809E3
1.122764600E2,1.018030762E3
1.123564600E2,1.018001953E3
1.124364616E2,1.018005371E3
1.125164616E2,1.018001953E3
1.125964600E2,1.017996094E3
1.126764616E2,1.018024902E3
1.127564600E2,1.018031738E3
1.128364616E2,1.018029297E3
1.129164616E2,1.018019043E3
1.129964678E2,1.018024902E3
1.130764600E2,1.018014648E3
1.131564600E2,1.018010254E3
1.132364662E2,1.018021484E3
1.133164600E2,1.018020996E3
1.133964600E2,1.018003906E3
1.134764616E2,1.017986816E3
1.135564616E2,1.018000977E3
1.136364616E2,1.018021484E3
1.137164600E2,1.018031738E3
1.137964600E2,1.018038574E3
1.138764647E2,1.018040527E3
1.139564600E2,1.018018555E3
1.140364600E2,1.017989746E3
1.141164616E2,1.018015137E3
1.141964616E2,1.018023926E3
1.142764616E2,1.018019043E3
1.143564616E2,1.018025879E3
1.144364600E2,1.018012207E3
1.145164600E2,1.017996094E3
1.145964600E2,1.017996094E3
1.146764600E2,1.018024902E3
1.147564600E2,1.018009277E3
1.148364616E2,1.018015625E3
1.149164616E2,1.018034180E3
1.149964600E2,1.018036621E3
1.150764600E2,1.018007812E3
1.151564600E2,1.018004883E3
1.152364600E2,1.018016602E3
1.153164600E2,1.018017090E3
1.153964600E2,1.018025391E3
1.154764616E2,1.018029297E3
1.155564616E2,1.018016602E3
1.156364600E2,1.017987793E3
1.157164600E2,1.017989258E3
1.157964600E2,1.018003906E3
1.158764600E2,1.018007812E3
1.159564600E2,1.018011230E3
1.160364600E2,1.018039062E3
1.161164616E2,1.018042969E3
1.161964616E2,1.018014160E3
1.162764616E2,1.017985352E3
1.163564647E2,1.017996094E3
1.164364600E2,1.017987793E3
1.165164600E2,1.017989258E3
1.165964600E2,1.018018066E3
1.166764600E2,1.018032715E3
1.167564616E2,1.018003906E3
1.168364616E2,1.018003906E3
1.169164616E2,1.018015625E3
1.169964600E2,1.018012207E3
1.170764600E2,1.018030273E3
1.171564600E2,1.018048340E3
1.172364600E2,1.018043945E3
1.173164600E2,1.018015137E3
1.173964600E2,1.018000488E3
1.174764616E2,1.018004883E3
1.175564616E2,1.018005371E3
1.176364616E2,1.018012207E3
1.177164600E2,1.018036133E3
1.177964600E2,1.018032227E3
1.178764600E2,1.018002930E3
1.179564600E2,1.018018066E3
1.180364600E2,1.018020020E3
1.181164616E2,1.018016113E3
1.181964616E2,1.018037109E3
1.182764600E2,1.018033203E3
1.183564600E2,1.018042969E3
1.184364600E2,1.018013672E3
1.185164600E2,1.018000977E3
1.185964709E2,1.018018555E3
1.186764600E2,1.018022949E3
1.187564600E2,1.018008789E3
1.188364616E2,1.018037598E3
1.189164616E2,1.018052734E3
1.189964600E2,1.018023926E3
1.190764600E2,1.018023926E3
1.191564600E2,1.018011230E3
1.192364600E2,1.018007324E3
1.193164600E2,1.018029785E3
1.193964600E2,1.018054688E3
1.194764616E2,1.018028809E3
1.195564600E2,1.018000000E3
1.196364600E2,1.018002441E3
1.197164600E2,1.018021484E3
1.197964600E2,1.018027832E3
1.198764600E2,1.018028320E3
1.199564616E2,1.018038086E3
1.200364600E2,1.018009277E3
1.201164600E2,1.017980469E3
1.201964600E2,1.017993652E3
1.202764616E2,1.017990723E3
1.203564600E2,1.018004883E3
1.204364600E2,1.018021484E3
1.205164600E2,1.018031250E3
1.205964600E2,1.018006348E3
1.206764600E2,1.017980469E3
1.207564600E2,1.017961426E3
1.208364616E2,1.017974609E3
1.209164616E2,1.017967285E3
1.209964616E2,1.017983398E3
1.210764600E2,1.018012207E3
1.211564600E2,1.018010254E3
1.212364600E2,1.017981445E3
1.213164600E2,1.017997559E3
1.213964600E2,1.017992676E3
1.214764616E2,1.018005859E3
1.215564616E2,1.018020996E3
1.216364616E2,1.018037109E3
1.217164616E2,1.018029785E3
1.217964600E2,1.018000488E3
1.218764600E2,1.017985840E3
1.219564600E2,1.017995117E3
1.220364600E2,1.018005371E3
1.221164600E2,1.017976562E3
1.221964616E2,1.018003906E3
1.222764616E2,1.017984863E3
1.223564600E2,1.017975586E3
1.224364600E2,1.017993652E3
1.225164600E2,1.018022461E3
1.225964600E2,1.018026367E3
1.226764600E2,1.018020508E3
1.227564600E2,1.018017578E3
1.228364600E2,1.017988770E3
1.229164600E2,1.017959961E3
1.229964616E2,1.017985352E3
1.230764600E2,1.018004395E3
1.231564600E2,1.017984863E3
1.232364600E2,1.018009277E3
1.233164616E2,1.018010254E3
1.233964600E2,1.017981445E3
1.234764600E2,1.017973633E3
1.235564616E2,1.018000977E3
1.236364616E2,1.017977051E3
1.237164600E2,1.017994629E3
1.237964600E2,1.018020508E3
1.238764600E2,1.017991699E3
1.239564600E2,1.017973633E3
1.240364600E2,1.017970215E3
1.241164600E2,1.017995117E3
1.241964616E2,1.017987305E3
1.242764616E2,1.018001465E3
1.243564600E2,1.018018555E3
1.244364600E2,1.017998535E3
1.245164600E2,1.017969727E3
1.245964600E2,1.017980957E3
1.246764600E2,1.017994141E3
1.247564600E2,1.017989258E3
1.248364616E2,1.018000000E3
1.249164616E2,1.018024414E3
1.249964600E2,1.018000488E3
1.250764600E2,1.017971680E3
1.251564600E2,1.017979004E3
1.252364600E2,1.017972656E3
1.253164600E2,1.017973633E3
1.253964600E2,1.017999023E3
1.254764600E2,1.018008789E3
1.255564616E2,1.017979980E3
1.256364600E2,1.017962891E3
1.257164600E2,1.017991699E3
1.257964600E2,1.017989258E3
1.258764600E2,1.017990234E3
1.259564600E2,1.018019531E3
1.260364600E2,1.018023438E3
1.261164600E2,1.017994629E3
1.261964600E2,1.017979980E3
1.262764600E2,1.017960938E3
1.263564600E2,1.017974609E3
1.264364600E2,1.017985352E3
1.265164600E2,1.018003418E3
1.265964616E2,1.017976074E3
1.266764600E2,1.017947266E3
1.267564600E2,1.017959961E3
1.268364616E2,1.017988770E3
1.269164616E2,1.017986816E3
1.269964616E2,1.018008789E3
1.270764616E2,1.018018555E3
1.271564600E2,1.018000000E3
1.272364600E2,1.017974609E3
1.273164600E2,1.017988281E3
1.273964600E2,1.017981934E3
1.274764600E2,1.017978027E3
1.275564616E2,1.017985352E3
1.276364616E2,1.017985352E3
1.277164616E2,1.017985352E3
1.277964600E2,1.017961426E3
1.278764600E2,1.017983398E3
1.279564600E2,1.017990234E3
1.280364600E2,1.018005371E3
1.281164600E2,1.018027344E3
1.281964600E2,1.018029297E3
1.282764616E2,1.018000488E3
1.283564616E2,1.017979004E3
1.284364600E2,1.017988770E3
1.285164600E2,1.017984375E3
1.285964616E2,1.017981445E3
1.286764600E2,1.018006836E3
1.287564600E2,1.017992676E3
1.288364600E2,1.017992676E3
1.289164616E2,1.017963867E3
1.289964616E2,1.017985352E3
1.290764600E2,1.017980469E3
1.291564600E2,1.018001465E3
1.292364600E2,1.018017578E3
1.293164600E2,1.018012695E3
1.293964616E2,1.017983887E3
1.294764600E2,1.017963867E3
1.295564616E2,1.017970215E3
1.296364616E2,1.017978516E3
1.297164600E2,1.017976074E3
1.297964600E2,1.018004883E3
1.298764616E2,1.017983887E3
1.299564600E2,1.017955078E3
1.300364600E2,1.017960449E3
1.301164616E2,1.017975586E3
1.301964616E2,1.017975586E3
1.302764616E2,1.017997559E3
1.303564600E2,1.018014160E3
1.304364600E2,1.018000977E3
1.305164600E2,1.017971680E3
1.305964600E2,1.017964355E3
1.306764600E2,1.017964355E3
1.307564600E2,1.017953613E3
1.308364600E2,1.017973633E3
1.309164616E2,1.017984863E3
1.309964600E2,1.017956543E3
1.310764600E2,1.017947266E3
1.311564600E2,1.017976074E3
1.312364600E2,1.018004883E3
1.313164600E2,1.018008301E3
1.313964600E2,1.018037109E3
1.314764600E2,1.018015137E3
1.315564616E2,1.017986328E3
1.316364616E2,1.017972168E3
1.317164616E2,1.017965820E3
1.317964600E2,1.017966797E3
1.318764600E2,1.017978516E3
1.319564600E2,1.017978516E3
1.320364600E2,1.017949219E3
1.321164616E2,1.017939941E3
1.321964616E2,1.017957520E3
1.322764616E2,1.017970215E3
1.323564616E2,1.017986328E3
1.324364600E2,1.018008789E3
1.325164600E2,1.017979980E3
1.325964600E2,1.017967773E3
1.326764600E2,1.017958496E3
1.327564616E2,1.017986328E3
1.328364600E2,1.017957031E3
1.329164616E2,1.017957031E3
1.329964616E2,1.017978027E3
1.330764600E2,1.017967773E3
1.331564678E2,1.017994141E3
1.332364600E2,1.017972656E3
1.333164616E2,1.017956543E3
1.333964631E2,1.017951660E3
1.334764600E2,1.017942383E3
1.335564616E2,1.017942383E3
1.336364616E2,1.017953125E3
1.337164616E2,1.017969238E3
1.337964600E2,1.017972168E3
1.338764600E2,1.017988770E3
1.339564600E2,1.018001953E3
1.340364600E2,1.017979980E3
1.341164600E2,1.017981445E3
1.341964616E2,1.017968750E3
1.342764662E2,1.017963379E3
1.343564616E2,1.017966309E3
1.344364600E2,1.017969238E3
1.345164616E2,1.017962402E3
1.345964600E2,1.017971680E3
1.346764600E2,1.017966797E3
1.347564600E2,1.017963379E3
1.348364600E2,1.017950684E3
1.349164616E2,1.017954102E3
1.349964616E2,1.017962891E3
1.350764600E2,1.017953125E3
1.351564631E2,1.017955078E3
1.352364600E2,1.017958984E3
1.353164600E2,1.017961426E3
1.353964631E2,1.017953613E3
1.354764600E2,1.017945801E3
1.355564616E2,1.017953125E3
1.356364616E2,1.017952637E3
1.357164616E2,1.017964844E3
1.357964600E2,1.017969238E3
1.358764600E2,1.017965820E3
1.359564600E2,1.017958984E3
1.360364600E2,1.017963867E3
1.361164600E2,1.017967773E3
1.361964600E2,1.017960938E3
1.362764616E2,1.017961914E3
1.363564616E2,1.017953613E3
1.364364600E2,1.017967773E3
1.365164600E2,1.017955078E3
1.365964600E2,1.017961914E3
1.366764600E2,1.017958984E3
1.367564600E2,1.017947266E3
1.368364600E2,1.017935547E3
1.369164616E2,1.017938477E3
1.369964616E2,1.017933594E3
1.370764616E2,1.017926758E3
1.371564600E2,1.017928223E3
1.372364600E2,1.017922363E3
1.373164616E2,1.017951172E3
1.373964600E2,1.017959961E3
1.374764600E2,1.017969238E3
1.375564616E2,1.017969727E3
1.376364616E2,1.017966309E3
1.377164616E2,1.017962891E3
1.377964600E2,1.017951660E3
1.378764600E2,1.017943848E3
1.379564600E2,1.017952148E3
1.380364600E2,1.017943359E3
1.381164600E2,1.017962402E3
1.381964600E2,1.017961426E3
1.382764616E2,1.017941406E3
1.383564616E2,1.017941406E3
1.384364600E2,1.017933594E3
1.385164600E2,1.017952148E3
1.385964600E2,1.017948242E3
1.386764600E2,1.017943359E3
1.387564600E2,1.017949707E3
1.388364600E2,1.017969727E3
1.389164616E2,1.017956055E3
1.389964616E2,1.017945801E3
1.390764616E2,1.017955078E3
1.391564600E2,1.017967773E3
1.392364600E2,1.017951660E3
1.393164616E2,1.017927734E3
1.393964600E2,1.017925293E3
1.394764600E2,1.017925781E3
1.395564616E2,1.017937500E3
1.396364616E2,1.017938477E3
1.397164616E2,1.017961426E3
1.397964600E2,1.017932129E3
1.398764600E2,1.017954102E3
1.399564600E2,1.017958496E3
1.400364678E2,1.017955566E3
1.401164600E2,1.017958984E3
1.401964600E2,1.017952148E3
1.402764694E2,1.017980957E3
1.403564600E2,1.017955078E3
1.404364600E2,1.017929199E3
1.405164600E2,1.017958008E3
1.405964600E2,1.017972656E3
1.406764600E2,1.017966309E3
1.407564600E2,1.017989746E3
1.408364600E2,1.017982422E3
1.409164616E2,1.017953613E3
1.409964616E2,1.017948242E3
1.410764600E2,1.017938477E3
1.411564600E2,1.017946289E3
1.412364600E2,1.017948242E3
1.413164600E2,1.017967773E3
1.413964600E2,1.017950195E3
1.414764600E2,1.017931641E3
1.415564600E2,1.017960449E3
1.416364616E2,1.017963867E3
1.417164616E2,1.017970215E3
1.417964600E2,1.017966797E3
1.418764600E2,1.017988281E3
1.419564600E2,1.017958984E3
1.420364663E2,1.017930176E3
1.421164600E2,1.017950684E3
1.421964600E2,1.017979492E3
1.422764616E2,1.017957031E3
1.423564616E2,1.017974609E3
1.424364600E2,1.017967285E3
1.425164600E2,1.017942383E3
1.425964600E2,1.017916504E3
1.426764600E2,1.017937500E3
1.427564600E2,1.017936523E3
1.428364600E2,1.017932129E3
1.429164616E2,1.017961426E3
1.429964616E2,1.017960938E3
1.430764616E2,1.017932129E3
1.431564600E2,1.017945801E3
1.432364600E2,1.017974609E3
1.433164600E2,1.017991699E3
1.433964600E2,1.017963379E3
1.434764600E2,1.017970703E3
1.435564600E2,1.017999512E3
1.436364616E2,1.017979980E3
1.437164616E2,1.017965332E3
1.437964600E2,1.017988770E3
1.438764600E2,1.018017578E3
1.439564600E2,1.018008789E3
1.440364647E2,1.018017578E3
1.441164616E2,1.018000977E3
1.441964600E2,1.017992188E3
1.442764647E2,1.017963379E3
1.443564616E2,1.017959961E3
1.444364616E2,1.017959961E3
1.445164600E2,1.017936035E3
1.445964600E2,1.017948730E3
1.446764600E2,1.017937988E3
1.447564647E2,1.017943359E3
1.448364600E2,1.017919922E3
1.449164616E2,1.017906738E3
1.449964616E2,1.017916992E3
1.450764600E2,1.017926758E3
1.451564600E2,1.017933594E3
1.452364600E2,1.017928711E3
1.453164600E2,1.017909180E3
1.453964600E2,1.017913086E3
1.454764600E2,1.017900391E3
1.455564600E2,1.017896484E3
1.456364616E2,1.017898438E3
1.457164616E2,1.017914062E3
1.457964600E2,1.017894043E3
1.458764600E2,1.017897949E3
1.459564600E2,1.017895996E3
1.460364600E2,1.017902832E3
1.461164600E2,1.017921875E3
1.461964600E2,1.017923828E3
1.462764600E2,1.017953125E3
1.463564600E2,1.017949707E3
1.464364600E2,1.017959473E3
1.465164600E2,1.017960449E3
1.465964600E2,1.017938965E3
1.466764600E2,1.017919922E3
1.467564600E2,1.017948730E3
1.468364600E2,1.017919922E3
1.469164600E2,1.017916504E3
1.469964600E2,1.017945312E3
1.470764600E2,1.017972656E3
1.471564600E2,1.017971680E3
1.472364600E2,1.017975098E3
1.473164600E2,1.017996582E3
1.473964600E2,1.017990234E3
1.474764600E2,1.017960938E3
1.475564600E2,1.017948730E3
1.476364616E2,1.017957520E3
1.477164616E2,1.017960938E3
1.477964600E2,1.017966309E3
1.478764600E2,1.017972656E3
1.479564600E2,1.017965332E3
1.480364600E2,1.017964355E3
1.481164600E2,1.017948242E3
1.481964600E2,1.017949219E3
1.482764600E2,1.017951172E3
1.483564600E2,1.017979980E3
1.484364600E2,1.017965820E3
1.485164616E2,1.017958008E3
1.485964600E2,1.017930664E3
1.486764600E2,1.017947754E3
1.487564600E2,1.017948242E3
1.488364600E2,1.017958984E3
1.489164600E2,1.017978027E3
1.489964616E2,1.017969727E3
1.490764616E2,1.017940918E3
1.491564600E2,1.017964844E3
1.492364600E2,1.017958984E3
1.493164600E2,1.017954590E3
1.493964600E2,1.017961914E3
1.494764600E2,1.017969727E3
1.495564600E2,1.017940918E3
1.496364616E2,1.017939453E3
1.497164616E2,1.017948242E3
1.497964600E2,1.017951660E3
1.498764600E2,1.017959473E3
1.499564600E2,1.017986328E3
1.500364600E2,1.017961426E3
1.501164600E2,1.017948730E3
1.501964600E2,1.017955078E3
1.502764616E2,1.017979492E3
1.503564616E2,1.017971191E3
1.504364616E2,1.018000000E3
1.505164616E2,1.018000488E3
1.505964600E2,1.017971680E3
1.506764600E2,1.017979492E3
1.507564600E2,1.017979492E3
1.508364600E2,1.017979004E3
1.509164600E2,1.017977051E3
1.509964616E2,1.017997559E3
1.510764616E2,1.017975098E3
1.511564600E2,1.017945801E3
1.512364600E2,1.017953125E3
1.513164600E2,1.017966309E3
1.513964600E2,1.017959473E3
1.514764600E2,1.017988770E3
1.515564600E2,1.017984375E3
1.516364616E2,1.017955566E3
1.517164616E2,1.017951660E3
1.517964616E2,1.017955078E3
1.518764600E2,1.017973633E3
1.519564600E2,1.017965332E3
1.520364600E2,1.017994141E3
1.521164616E2,1.018002930E3
1.521964600E2,1.017974121E3
1.522764600E2,1.017981934E3
1.523564616E2,1.017988770E3
1.524364616E2,1.017961426E3
1.525164600E2,1.017972168E3
1.525964600E2,1.018000977E3
1.526764600E2,1.017975586E3
1.527564600E2,1.017946777E3
1.528364600E2,1.017947754E3
1.529164600E2,1.017951660E3
1.529964616E2,1.017951660E3
1.530764616E2,1.017978516E3
1.531564616E2,1.017978516E3
1.532364600E2,1.017949707E3
1.533164600E2,1.017948730E3
1.533964600E2,1.017949219E3
1.534764600E2,1.017950195E3
1.535564600E2,1.017964844E3
1.536364616E2,1.017982422E3
1.537164616E2,1.017979980E3
1.537964616E2,1.017950684E3
1.538764600E2,1.017959473E3
1.539564600E2,1.017960938E3
1.540364600E2,1.017959961E3
1.541164600E2,1.017964355E3
1.541964600E2,1.017993164E3
1.542764600E2,1.017991211E3
1.543564600E2,1.017961914E3
1.544364616E2,1.017961914E3
1.545164600E2,1.017960449E3
1.545964600E2,1.017964355E3
1.546764600E2,1.017967285E3
1.547564600E2,1.017981934E3
1.548364600E2,1.017963379E3
1.549164600E2,1.017940430E3
1.549964616E2,1.017947754E3
1.550764616E2,1.017956055E3
1.551564600E2,1.017948730E3
1.552364600E2,1.017963379E3
1.553164600E2,1.017961914E3
1.553964616E2,1.017950684E3
1.554764616E2,1.017935059E3
1.555564600E2,1.017953125E3
1.556364616E2,1.017949707E3
1.557164616E2,1.017953125E3
1.557964616E2,1.017967285E3
1.558764600E2,1.017983398E3
1.559564600E2,1.017954590E3
1.560364600E2,1.017925293E3
1.561164616E2,1.017924316E3
1.561964600E2,1.017953125E3
1.562764600E2,1.017967285E3
1.563564616E2,1.017992188E3
1.564364616E2,1.018004883E3
1.565164600E2,1.017976074E3
1.565964600E2,1.017972168E3
1.566764600E2,1.017980957E3
1.567564600E2,1.017976562E3
1.568364600E2,1.017993164E3
1.569164600E2,1.018016113E3
1.569964616E2,1.017987305E3
1.570764616E2,1.017958496E3
1.571564616E2,1.017948242E3
1.572364600E2,1.017955078E3
1.573164600E2,1.017969238E3
1.573964616E2,1.017980469E3
1.574764600E2,1.017980469E3
1.575564600E2,1.017965820E3
1.576364616E2,1.017952148E3
1.577164616E2,1.017980957E3
1.577964600E2,1.017982422E3
1.578764600E2,1.017984863E3
1.579564600E2,1.018002930E3
1.580364600E2,1.017986328E3
1.581164600E2,1.017957520E3
1.581964600E2,1.017937500E3
1.582764600E2,1.017952148E3
1.583564616E2,1.017953125E3
1.584364600E2,1.017950684E3
1.585164600E2,1.017968750E3
1.585964600E2,1.017968750E3
1.586764600E2,1.017947754E3
1.587564600E2,1.017958496E3
1.588364600E2,1.017949219E3
1.589164600E2,1.017948730E3
1.589964616E2,1.017978027E3
1.590764600E2,1.017990234E3
1.591564600E2,1.017961426E3
1.592364600E2,1.017946777E3
1.593164600E2,1.017961426E3
1.593964600E2,1.017943359E3
1.594764600E2,1.017962891E3
1.595564600E2,1.017962891E3
1.596364600E2,1.017951172E3
1.597164616E2,1.017922363E3
1.597964616E2,1.017951172E3
1.598764600E2,1.017969238E3
1.599564600E2,1.017957031E3
1.600364600E2,1.017971191E3
1.601164600E2,1.017994141E3
1.601964600E2,1.017967285E3
1.602764600E2,1.017938477E3
1.603564616E2,1.017942871E3
1.604364616E2,1.017964355E3
1.605164616E2,1.017968750E3
1.605964600E2,1.017976562E3
1.606764600E2,1.017991211E3
1.607564647E2,1.017962402E3
1.608364616E2,1.017945312E3
1.609164600E2,1.017971680E3
1.609964616E2,1.017958496E3
1.610764616E2,1.017950684E3
1.611564600E2,1.017979980E3
1.612364600E2,1.017991699E3
1.613164600E2,1.017962891E3
1.613964600E2,1.017962891E3
1.614764600E2,1.017967285E3
1.615564600E2,1.017983887E3
1.616364600E2,1.017977539E3
1.617164616E2,1.017985352E3
1.617964616E2,1.017985352E3
1.618764600E2,1.017956543E3
1.619564616E2,1.017956055E3
1.620364600E2,1.017961914E3
1.621164600E2,1.017947754E3
1.621964600E2,1.017957520E3
1.622764600E2,1.017986328E3
1.623564616E2,1.017986328E3
1.624364616E2,1.017957520E3
1.625164600E2,1.017957520E3
1.625964600E2,1.017961914E3
1.626764600E2,1.017954590E3
1.627564600E2,1.017971191E3
1.628364600E2,1.017971191E3
1.629164600E2,1.017962402E3
1.629964616E2,1.017933594E3
1.630764616E2,1.017953125E3
1.631564616E2,1.017962891E3
1.632364600E2,1.017964355E3
1.633164600E2,1.017974609E3
1.633964600E2,1.017986328E3
1.634764600E2,1.017967285E3
1.635564600E2,1.017938477E3
1.636364600E2,1.017933594E3
1.637164616E2,1.017953125E3
1.637964616E2,1.017962891E3
1.638764600E2,1.017972168E3
1.639564600E2,1.017975586E3
1.640364600E2,1.017975586E3
1.641164600E2,1.017946777E3
1.641964600E2,1.017975586E3
1.642764600E2,1.017974609E3
1.643564616E2,1.017960449E3
1.644364616E2,1.017983887E3
1.645164616E2,1.017987305E3
1.645964600E2,1.017958496E3
1.646764600E2,1.017955078E3
1.647564600E2,1.017963867E3
1.648364600E2,1.017960938E3
1.649164600E2,1.017941406E3
1.649964600E2,1.017964355E3
1.650764600E2,1.017973145E3
1.651564600E2,1.017944336E3
1.652364600E2,1.017939941E3
1.653164600E2,1.017963867E3
1.653964600E2,1.017967773E3
1.654764600E2,1.017965820E3
1.655564600E2,1.017995117E3
1.656364631E2,1.017990234E3
1.657164600E2,1.017961426E3
1.657964616E2,1.017932129E3
1.658764616E2,1.017938477E3
1.659564600E2,1.017938477E3
1.660364616E2,1.017945312E3
1.661164600E2,1.017968750E3
1.661964600E2,1.017963379E3
1.662764600E2,1.017934570E3
1.663564616E2,1.017934570E3
1.664364616E2,1.017958008E3
1.665164616E2,1.017943848E3
1.665964600E2,1.017963379E3
1.666764600E2,1.017976074E3
1.667564600E2,1.017968262E3
1.668364600E2,1.017939453E3
1.669164600E2,1.017931152E3
1.669964600E2,1.017926270E3
1.670764600E2,1.017928711E3
1.671564600E2,1.017949219E3
1.672364600E2,1.017962891E3
1.673164600E2,1.017962891E3
1.673964600E2,1.017934082E3
1.674764600E2,1.017947266E3
1.675564600E2,1.017961914E3
1.676364600E2,1.017957031E3
1.677164616E2,1.017972168E3
1.677964600E2,1.017976074E3
1.678764616E2,1.017947266E3
1.679564600E2,1.017930664E3
1.680364600E2,1.017948242E3
1.681164616E2,1.017940430E3
1.681964600E2,1.017933105E3
1.682764600E2,1.017962402E3
1.683564616E2,1.017976562E3
1.684364616E2,1.017962402E3
1.685164616E2,1.017946777E3
1.685964600E2,1.017951660E3
1.686764616E2,1.017961914E3
1.687564600E2,1.017954102E3
1.688364600E2,1.017979980E3
1.689164600E2,1.017982910E3
1.689964600E2,1.017954102E3
1.690764616E2,1.017935059E3
1.691564616E2,1.017950684E3
1.692364600E2,1.017943848E3
1.693164600E2,1.017939941E3
1.693964600E2,1.017968750E3
1.694764600E2,1.017985840E3
1.695564600E2,1.017957031E3
1.696364600E2,1.017928223E3
1.697164616E2,1.017947754E3
1.697964616E2,1.017963867E3
1.698764616E2,1.017967285E3
1.699564600E2,1.017992188E3
1.700364600E2,1.017991211E3
1.701164600E2,1.017962402E3
1.701964600E2,1.017933594E3
1.702764600E2,1.017938477E3
1.703564600E2,1.017946777E3
1.704364631E2,1.017953613E3
1.705164616E2,1.017982910E3
1.705964600E2,1.017983398E3
1.706764600E2,1.017954102E3
1.707564600E2,1.017950195E3
1.708364616E2,1.017966309E3
1.709164600E2,1.017959473E3
1.709964600E2,1.017966309E3
1.710764616E2,1.017991211E3
1.711564616E2,1.017983398E3
1.712364616E2,1.017954590E3
1.713164600E2,1.017925293E3
1.713964600E2,1.017940430E3
1.714764600E2,1.017938477E3
1.715564600E2,1.017952148E3
1.716364600E2,1.017968262E3
1.717164616E2,1.017961914E3
1.717964616E2,1.017933105E3
1.718764600E2,1.017939453E3
1.719564600E2,1.017959961E3
1.720364600E2,1.017969727E3
1.721164616E2,1.017982422E3
1.721964600E2,1.017991699E3
1.722764600E2,1.017978516E3
1.723564600E2,1.017949219E3
1.724364616E2,1.017932129E3
1.725164600E2,1.017937500E3
1.725964600E2,1.017953613E3
1.726764600E2,1.017973633E3
1.727564600E2,1.017978516E3
1.728364616E2,1.017949707E3
1.729164600E2,1.017933594E3
1.729964600E2,1.017955566E3
1.730764600E2,1.017951172E3
1.731564600E2,1.017958496E3
1.732364600E2,1.017980469E3
1.733164616E2,1.017981445E3
1.733964600E2,1.017952148E3
1.734764600E2,1.017933105E3
1.735564600E2,1.017949707E3
1.736364694E2,1.017964844E3
1.737164616E2,1.017969238E3
1.737964616E2,1.017998047E3
1.738764616E2,1.017999023E3
1.739564600E2,1.017969727E3
1.740364600E2,1.017940918E3
1.741164600E2,1.017963867E3
1.741964600E2,1.017966797E3
1.742764600E2,1.017977051E3
1.743564600E2,1.017995117E3
1.744364600E2,1.017979004E3
1.745164600E2,1.017950195E3
1.745964600E2,1.017927734E3
1.746764600E2,1.017950195E3
1.747564600E2,1.017944336E3
1.748364616E2,1.017951172E3
1.749164600E2,1.017979980E3
1.749964678E2,1.017985840E3
1.750764616E2,1.017957031E3
1.751564600E2,1.017959961E3
1.752364600E2,1.017966309E3
1.753164616E2,1.017954590E3
1.753964600E2,1.017968262E3
1.754764616E2,1.017980957E3
1.755564600E2,1.017966797E3
1.756364600E2,1.017937988E3
1.757164600E2,1.017942871E3
1.757964616E2,1.017958496E3
1.758764616E2,1.017949219E3
1.759564600E2,1.017972656E3
1.760364600E2,1.017972656E3
1.761164600E2,1.017972656E3
1.761964600E2,1.017943359E3
1.762764600E2,1.017950195E3
1.763564600E2,1.017979004E3
1.764364616E2,1.017962891E3
1.765164616E2,1.017976074E3
1.765964600E2,1.018004883E3
1.766764600E2,1.017977051E3
1.767564600E2,1.017948242E3
1.768364600E2,1.017951660E3
1.769164600E2,1.017948730E3
1.769964662E2,1.017930664E3
1.770764616E2,1.017959473E3
1.771564616E2,1.017966797E3
1.772364600E2,1.017954590E3
1.773164600E2,1.017936523E3
1.773964600E2,1.017965332E3
1.774764600E2,1.017967773E3
1.775564600E2,1.017951172E3
1.776364600E2,1.017970703E3
1.777164600E2,1.017987793E3
1.777964616E2,1.017958984E3
1.778764600E2,1.017962891E3
1.779564600E2,1.017969727E3
1.780364600E2,1.017967773E3
1.781164600E2,1.017945312E3
1.781964600E2,1.017974121E3
1.782764600E2,1.017976562E3
1.783564616E2,1.017947754E3
1.784364600E2,1.017918945E3
1.785164616E2,1.017932617E3
1.785964616E2,1.017943359E3
1.786764600E2,1.017956055E3
1.787564600E2,1.017984863E3
1.788364600E2,1.017985840E3
1.789164600E2,1.017957031E3
1.789964600E2,1.017931641E3
1.790764616E2,1.017960449E3
1.791564616E2,1.017989746E3
1.792364616E2,1.017960449E3
1.793164600E2,1.017971191E3
1.793964600E2,1.017979004E3
1.794764600E2,1.017961426E3
1.795564600E2,1.017963867E3
1.796364600E2,1.017936523E3
1.797164600E2,1.017927734E3
1.797964616E2,1.017938477E3
1.798764616E2,1.017967285E3
1.799564600E2,1.017953613E3
1.800364616E2,1.017927734E3
1.801164631E2,1.017936035E3
1.801964600E2,1.017932617E3
1.802764600E2,1.017932129E3
1.803564725E2,1.017930664E3
1.804364616E2,1.017944824E3
1.805164616E2,1.017916016E3
1.805964616E2,1.017896484E3
1.806764600E2,1.017925293E3
1.807564600E2,1.017938477E3
1.808364600E2,1.017933594E3
1.809164600E2,1.017949707E3
1.809964600E2,1.017942383E3
1.810764616E2,1.017929199E3
1.811564616E2,1.017928711E3
1.812364616E2,1.017916504E3
1.813164600E2,1.017945312E3
1.813964600E2,1.017930176E3
1.814764600E2,1.017947754E3
1.815564600E2,1.017943359E3
1.816364616E2,1.017914551E3
1.817164600E2,1.017893555E3
1.817964616E2,1.017921387E3
1.818764616E2,1.017920898E3
1.819564600E2,1.017921387E3
1.820364600E2,1.017915039E3
1.821164616E2,1.017943848E3
1.821964600E2,1.017946289E3
1.822764600E2,1.017937500E3
1.823564600E2,1.017947266E3
1.824364616E2,1.017938477E3
1.825164616E2,1.017935059E3
1.825964616E2,1.017939453E3
1.826764600E2,1.017959473E3
1.827564600E2,1.017953613E3
1.828364600E2,1.017957031E3
1.829164616E2,1.017928223E3
1.829964600E2,1.017947754E3
1.830764600E2,1.017948730E3
1.831564616E2,1.017951660E3
1.832364616E2,1.017980469E3
1.833164600E2,1.017951660E3
1.833964600E2,1.017922852E3
1.834764600E2,1.017908203E3
1.835564600E2,1.017894043E3
1.836364600E2,1.017897949E3
1.837164616E2,1.017926758E3
1.837964616E2,1.017935059E3
1.838764616E2,1.017940918E3
1.839564600E2,1.017943848E3
1.840364600E2,1.017939453E3
1.841164600E2,1.017944824E3
1.841964600E2,1.017934570E3
1.842764600E2,1.017947266E3
1.843564600E2,1.017947266E3
1.844364616E2,1.017930176E3
1.845164616E2,1.017910645E3
1.845964616E2,1.017925781E3
1.846764600E2,1.017922852E3
1.847564600E2,1.017927246E3
1.848364600E2,1.017941406E3
1.849164600E2,1.017930176E3
1.849964600E2,1.017912598E3
1.850764600E2,1.017938477E3
1.851564616E2,1.017933594E3
1.852364616E2,1.017939941E3
1.853164600E2,1.017955078E3
1.853964600E2,1.017955078E3
1.854764600E2,1.017937012E3
1.855564600E2,1.017908203E3
1.856364600E2,1.017885742E3
1.857164616E2,1.017899414E3
1.857964616E2,1.017904297E3
1.858764647E2,1.017909668E3
1.859564600E2,1.017931152E3
1.860364600E2,1.017906738E3
1.861164600E2,1.017917969E3
1.861964600E2,1.017915527E3
1.862764600E2,1.017939941E3
1.863564647E2,1.017939941E3
1.864364616E2,1.017920898E3
1.865164616E2,1.017949707E3
1.865964616E2,1.017944336E3
1.866764600E2,1.017924316E3
1.867564600E2,1.017939453E3
1.868364616E2,1.017910645E3
1.869164600E2,1.017900391E3
1.869964600E2,1.017893555E3
1.870764600E2,1.017909180E3
1.871564616E2,1.017903320E3
1.872364616E2,1.017912109E3
1.873164616E2,1.017889160E3
1.873964600E2,1.017860352E3
1.874764600E2,1.017860352E3
1.875564600E2,1.017862793E3
1.876364600E2,1.017865234E3
1.877164600E2,1.017870605E3
1.877964616E2,1.017856934E3
1.878764616E2,1.017859863E3
1.879564600E2,1.017845703E3
1.880364600E2,1.017864258E3
1.881164600E2,1.017872070E3
1.881964600E2,1.017872070E3
1.882764600E2,1.017869629E3
1.883564600E2,1.017868164E3
1.884364600E2,1.017863281E3
1.885164616E2,1.017870605E3
